{
  "project_info": {
    "project_number": "1094836153063",
    "firebase_url": "https://my-journal-85def.firebaseio.com",
    "project_id": "my-journal-85def",
    "storage_bucket": "my-journal-85def.appspot.com"
  },
  "client": [
    {
      "client_info": {
        "mobilesdk_app_id": "1:1094836153063:android:34d19639ab9508c0",
        "android_client_info": {
          "package_name": "io.devmalik.journal"
        }
      },
      "oauth_client": [
        {
          "client_id": "1094836153063-t9r8ahnrt39q69qkb3d3t9nbmqm588sm.apps.googleusercontent.com",
          "client_type": 3
        }
      ],
      "api_key": [
        {
          "current_key": "AIzaSyAVvr-aWtTj4izo-BU9jjg1WyNDREE4Sfw"
        }
      ],
      "services": {
        "analytics_service": {
          "status": 1
        },
        "appinvite_service": {
          "status": 1,
          "other_platform_oauth_client": []
        },
        "ads_service": {
          "status": 2
        }
      }
    }
  ],
  "configuration_version": "1"
}